software	max(avg_rec)
ProSolo	0.5478762211454679
SCIPhI	0.6496712876947263
