software	max(avg_rec)
ProSolo	0.5479166378503488
SCIPhI	0.6497192137986362
