software	max(avg_rec)
MonoVar	0.7045755290308848
ProSolo	0.7662082805889447
SCAN-SNV	1.3798627071510164e-4
SCcaller	0.6101676244674217
SCIPhI	0.6865855237822969
