software	max(avg_rec)
ProSolo	0.17832636696485327
SCcaller	0.07175619959444726
SCIPhI	0.14569943641664684
