software	max(avg_rec)
ProSolo	0.17642538291351642
SCcaller	0.07175619959444726
SCIPhI	0.1457142694816549
