cell	ado_rate
IL-11	0.06974825745217263
IL-12	0.13692074887793756
