cell	ado_rate
PAG1	0.18366476163003828
PAG10	0.18517469252514304
PAG2	0.24586652337765127
PAG5	0.2575225541569877
PAG9	0.2544346315134185
